,Name,City,State,Location,Acceptance_Rate,Price,Average_Salary_After_10_Years,Graduation_Rate,Student_Population,University_Type,room_board_expense,student_faculty_ratio,lat,lng
0,University of Alabama at Birmingham,Birmingham,AL,"Birmingham, AL",0.737,27630.0,46400.0,0.55,21923.0,Public,11682.0,19.0,40.6943,-73.9249
1,University of Alabama at Birmingham,Birmingham,AL,"Birmingham, AL",0.737,27630.0,46400.0,0.55,21923.0,Public,11682.0,19.0,34.1139,-118.4068
2,The University of Alabama,Tuscaloosa,AL,"Tuscaloosa, AL",0.8270000000000001,30016.0,49900.0,0.66,38390.0,Public,13050.0,23.0,41.8373,-87.6862
3,The University of Alabama,Tuscaloosa,AL,"Tuscaloosa, AL",0.8270000000000001,30016.0,49900.0,0.66,38390.0,Public,13050.0,23.0,25.7839,-80.2102
4,Auburn University at Montgomery,Montgomery,AL,"Montgomery, AL",0.904,20650.0,37900.0,0.21,5211.0,Public,5650.0,16.0,32.7936,-96.7662
5,Auburn University at Montgomery,Montgomery,AL,"Montgomery, AL",0.904,20650.0,37900.0,0.21,5211.0,Public,5650.0,16.0,40.0077,-75.1339
6,Auburn University,Auburn University,AL,"Auburn University, AL",0.807,32196.0,54100.0,0.72,30440.0,Public,12898.0,19.0,29.7863,-95.3889
7,Auburn University,Auburn University,AL,"Auburn University, AL",0.807,32196.0,54100.0,0.72,30440.0,Public,12898.0,19.0,33.7627,-84.4224
8,Birmingham Southern College,Birmingham,AL,"Birmingham, AL",0.5379999999999999,35090.0,51000.0,0.63,1268.0,Private,11920.0,13.0,38.9047,-77.0163
9,Huntingdon College,Montgomery,AL,"Montgomery, AL",0.593,38685.0,42400.0,0.43,1081.0,Private,9100.0,15.0,42.3188,-71.0846
10,University of Mobile,Mobile,AL,"Mobile, AL",0.457,40110.0,38200.0,0.43,1885.0,Private,9600.0,14.0,33.5722,-112.0891
11,University of Montevallo,Montevallo,AL,"Montevallo, AL",0.532,27718.0,36000.0,0.45,2612.0,Public,8980.0,14.0,47.6211,-122.3244
12,University of Montevallo,Montevallo,AL,"Montevallo, AL",0.532,27718.0,36000.0,0.45,2612.0,Public,8980.0,14.0,37.7562,-122.443
13,Samford University,Birmingham,AL,"Birmingham, AL",0.833,49634.0,57400.0,0.7,5619.0,Private,9830.0,12.0,42.3834,-83.1024
14,University of South Alabama,Mobile,AL,"Mobile, AL",0.787,22412.0,45200.0,0.37,14834.0,Public,7340.0,18.0,32.8312,-117.1225
15,University of South Alabama,Mobile,AL,"Mobile, AL",0.787,22412.0,45200.0,0.37,14834.0,Public,7340.0,18.0,44.9635,-93.2678
16,Spring Hill College,Mobile,AL,"Mobile, AL",0.498,59062.0,48700.0,0.56,1379.0,Private,12690.0,14.0,27.9942,-82.4451
17,Troy University,Troy,AL,"Troy, AL",0.8759999999999999,21778.0,39400.0,0.34,16981.0,Public,6528.0,14.0,39.7621,-104.8759
18,Troy University,Troy,AL,"Troy, AL",0.8759999999999999,21778.0,39400.0,0.34,16981.0,Public,6528.0,14.0,40.6501,-73.9496
19,University of Arizona,Tucson,AZ,"Tucson, AZ",0.846,30041.0,54000.0,0.61,44097.0,Public,11300.0,15.0,40.7498,-73.7976
20,University of Arizona,Tucson,AZ,"Tucson, AZ",0.846,30041.0,54000.0,0.61,44097.0,Public,11300.0,15.0,33.9381,-117.3948
21,Lyon College,Batesville,AR,"Batesville, AR",0.444,42450.0,43900.0,0.42,655.0,Private,8440.0,13.0,39.3051,-76.6144
22,University of Arkansas,Fayetteville,AR,"Fayetteville, AR",0.7709999999999999,26144.0,50400.0,0.62,27778.0,Public,10332.0,18.0,36.2333,-115.2654
23,University of Arkansas,Fayetteville,AR,"Fayetteville, AR",0.7709999999999999,26144.0,50400.0,0.62,27778.0,Public,10332.0,18.0,45.5372,-122.65
24,University of Central Arkansas,Conway,AR,"Conway, AR",0.904,23903.0,40800.0,0.45,11177.0,Public,6248.0,16.0,29.4658,-98.5253
25,University of Central Arkansas,Conway,AR,"Conway, AR",0.904,23903.0,40800.0,0.45,11177.0,Public,6248.0,16.0,38.6358,-90.2451
26,Harding University,Searcy,AR,"Searcy, AR",0.613,31911.0,44800.0,0.63,5121.0,Private,6756.0,14.0,38.5667,-121.4683
27,Hendrix College,Conway,AR,"Conway, AR",0.7,64060.0,46200.0,0.71,1208.0,Private,11580.0,11.0,28.4772,-81.3369
28,John Brown University,Siloam Springs,AR,"Siloam Springs, AR",0.758,40774.0,53600.0,0.61,2516.0,Private,8840.0,14.0,37.3019,-121.8486
29,Ouachita Baptist University,Arkadelphia,AR,"Arkadelphia, AR",0.614,40200.0,43400.0,0.61,1660.0,Private,7380.0,12.0,41.4767,-81.6804
30,Azusa Pacific University,Azusa,CA,"Azusa, CA",0.675,56826.0,54200.0,0.68,10095.0,Private,9492.0,10.0,40.4396,-79.9762
31,Biola University,La Mirada,CA,"La Mirada, CA",0.6990000000000001,59176.0,48900.0,0.69,6109.0,Private,10560.0,14.0,30.3004,-97.7522
32,California Baptist University,Riverside,CA,"Riverside, CA",0.7829999999999999,50228.0,45100.0,0.58,10486.0,Private,8210.0,17.0,39.1413,-84.5061
33,California Institute of Technology,Pasadena,CA,"Pasadena, CA",0.064,74763.0,85800.0,0.91,2233.0,Private,14100.0,3.0,39.1239,-94.5541
34,California Lutheran University,Thousand Oaks,CA,"Thousand Oaks, CA",0.7140000000000001,64270.0,57900.0,0.66,4383.0,Private,13060.0,16.0,40.7834,-73.9662
35,Chapman University,Orange,CA,"Orange, CA",0.557,75112.0,54100.0,0.77,9608.0,Private,14368.0,14.0,39.7771,-86.1458
36,Claremont McKenna College,Claremont,CA,"Claremont, CA",0.10300000000000001,76475.0,97800.0,0.91,1327.0,Private,15740.0,8.0,39.9862,-82.985
37,Dominican University of California,San Rafael,CA,"San Rafael, CA",0.9129999999999999,67943.0,58400.0,0.63,1779.0,Private,13650.0,9.0,35.208,-80.8304
38,Fresno Pacific University,Fresno,CA,"Fresno, CA",0.6609999999999999,47196.0,43600.0,0.58,4292.0,Private,8060.0,12.0,36.7335,-76.0435
39,Harvey Mudd College,Claremont,CA,"Claremont, CA",0.13699999999999998,79539.0,84900.0,0.91,902.0,Private,17051.0,8.0,40.8501,-73.8662
40,Humboldt State University,Arcata,CA,"Arcata, CA",0.922,25344.0,39000.0,0.45,7972.0,Public,12638.0,21.0,43.0642,-87.9673
41,Humboldt State University,Arcata,CA,"Arcata, CA",0.922,25344.0,39000.0,0.45,7972.0,Public,12638.0,21.0,41.823,-71.4187
42,University of La Verne,La Verne,CA,"La Verne, CA",0.5479999999999999,64050.0,52000.0,0.61,8064.0,Private,12890.0,15.0,30.3322,-81.6749
43,La Sierra University,Riverside,CA,"Riverside, CA",0.552,47883.0,51900.0,0.5,2339.0,Private,8100.0,13.0,40.7777,-111.9306
44,Loyola Marymount University,Los Angeles,CA,"Los Angeles, CA",0.43799999999999994,70446.0,65700.0,0.78,9838.0,Private,13015.0,10.0,36.1715,-86.7843
45,Mills College,Oakland,CA,"Oakland, CA",0.758,48839.0,44400.0,0.69,1257.0,Private,13528.0,10.0,37.5295,-77.4756
46,Occidental College,Los Angeles,CA,"Los Angeles, CA",0.36700000000000005,76600.0,56600.0,0.86,1930.0,Private,14460.0,9.0,35.1046,-89.9773
47,Pacific Union College,Angwin,CA,"Angwin, CA",0.5329999999999999,44811.0,59200.0,0.45,1062.0,Private,7920.0,13.0,35.8325,-78.6435
48,University of the Pacific,Stockton,CA,"Stockton, CA",0.6559999999999999,68684.0,81400.0,0.63,6493.0,Private,12858.0,13.0,30.0687,-89.9288
49,Pepperdine University,Malibu,CA,"Malibu, CA",0.317,75312.0,71700.0,0.84,7961.0,Private,14330.0,14.0,38.1663,-85.6485
50,Point Loma Nazarene University,San Diego,CA,"San Diego, CA",0.737,53290.0,53500.0,0.74,4592.0,Private,9950.0,14.0,35.4676,-97.5136
51,Pomona College,Claremont,CA,"Claremont, CA",0.07400000000000001,74480.0,70500.0,0.94,1573.0,Private,15605.0,7.0,41.1918,-73.1953
52,University of Redlands,Redlands,CA,"Redlands, CA",0.764,71338.0,56400.0,0.71,4598.0,Private,13480.0,12.0,42.9016,-78.8487
53,San Diego State University,San Diego,CA,"San Diego, CA",0.341,30522.0,53400.0,0.67,35303.0,Public,14812.0,28.0,32.7811,-97.3473
54,San Diego State University,San Diego,CA,"San Diego, CA",0.341,30522.0,53400.0,0.67,35303.0,Public,14812.0,28.0,41.7661,-72.6834
55,University of San Diego,San Diego,CA,"San Diego, CA",0.48700000000000004,70999.0,70200.0,0.78,9073.0,Private,12302.0,14.0,32.1545,-110.8782
56,San Francisco State University,San Francisco,CA,"San Francisco, CA",0.6729999999999999,26987.0,52600.0,0.51,29778.0,Public,13882.0,23.0,41.2627,-96.0522
57,San Francisco State University,San Francisco,CA,"San Francisco, CA",0.6729999999999999,26987.0,52600.0,0.51,29778.0,Public,13882.0,23.0,31.8479,-106.4309
58,University of San Francisco,San Francisco,CA,"San Francisco, CA",0.644,71092.0,70400.0,0.71,10713.0,Private,13990.0,13.0,21.3294,-157.846
59,William Jessup University,Rocklin,CA,"Rocklin, CA",0.65,52338.0,40100.0,0.6,1695.0,Private,10650.0,12.0,26.2273,-98.2471
60,San Jose State University,San Jose,CA,"San Jose, CA",0.636,30065.0,59900.0,0.54,35400.0,Public,14867.0,27.0,35.1053,-106.6464
61,San Jose State University,San Jose,CA,"San Jose, CA",0.636,30065.0,59900.0,0.54,35400.0,Public,14867.0,27.0,33.5277,-86.7987
62,Santa Clara University,Santa Clara,CA,"Santa Clara, CA",0.488,74829.0,81900.0,0.85,8642.0,Private,13965.0,11.0,27.3386,-82.5431
63,Scripps College,Claremont,CA,"Claremont, CA",0.32,77588.0,59300.0,0.89,1071.0,Private,15682.0,10.0,39.7797,-84.1998
64,Simpson University,Redding,CA,"Redding, CA",0.523,46150.0,38200.0,0.51,834.0,Private,7950.0,11.0,43.168,-77.6162
65,Sonoma State University,Rohnert Park,CA,"Rohnert Park, CA",0.912,28268.0,49300.0,0.57,9459.0,Public,13146.0,24.0,36.7831,-119.7941
66,Sonoma State University,Rohnert Park,CA,"Rohnert Park, CA",0.912,28268.0,49300.0,0.57,9459.0,Public,13146.0,24.0,40.5961,-75.4756
67,University of Southern California,Los Angeles,CA,"Los Angeles, CA",0.114,77459.0,85500.0,0.92,47310.0,Private,14348.0,9.0,36.1284,-95.9042
68,Thomas Aquinas College,Santa Paula,CA,"Santa Paula, CA",0.789,38164.0,45700.0,0.8,407.0,Private,7950.0,10.0,26.6446,-81.9956
69,Westmont College,Santa Barbara,CA,"Santa Barbara, CA",0.648,64240.0,54600.0,0.77,1277.0,Private,13510.0,10.0,37.9722,-122.0016
70,Whittier College,Whittier,CA,"Whittier, CA",0.5710000000000001,65668.0,47400.0,0.66,1852.0,Private,12902.0,11.0,38.8674,-104.7606
71,University of Colorado Denver,Denver,CO,"Denver, CO",0.6729999999999999,30154.0,68200.0,0.43,25645.0,Public,,17.0,32.8153,-79.9628
72,University of Colorado Denver,Denver,CO,"Denver, CO",0.6729999999999999,30154.0,68200.0,0.43,25645.0,Public,,17.0,42.1155,-72.5395
73,University of Colorado Colorado Springs,Colorado Springs,CO,"Colorado Springs, CO",0.872,25904.0,46400.0,0.46,13123.0,Public,9900.0,16.0,42.962,-85.6562
74,University of Colorado Colorado Springs,Colorado Springs,CO,"Colorado Springs, CO",0.872,25904.0,46400.0,0.46,13123.0,Public,9900.0,16.0,33.6095,-117.655
75,University of Colorado Boulder,Boulder,CO,"Boulder, CO",0.784,31034.0,56900.0,0.71,36681.0,Public,13590.0,18.0,42.6664,-73.7987
76,University of Colorado Boulder,Boulder,CO,"Boulder, CO",0.784,31034.0,56900.0,0.71,36681.0,Public,13590.0,18.0,35.9692,-83.9496
77,Colorado School of Mines,Golden,CO,"Golden, CO",0.531,36652.0,90500.0,0.76,6325.0,Public,11477.0,16.0,35.3529,-119.0359
78,Colorado School of Mines,Golden,CO,"Golden, CO",0.531,36652.0,90500.0,0.76,6325.0,Public,11477.0,16.0,41.2278,-111.9682
79,University of Denver,Denver,CO,"Denver, CO",0.5870000000000001,70092.0,63400.0,0.77,11952.0,Private,12021.0,11.0,30.4418,-91.131
80,Fort Lewis College,Durango,CO,"Durango, CO",0.914,25374.0,39000.0,0.39,3319.0,Public,10904.0,15.0,41.0798,-81.5219
81,Fort Lewis College,Durango,CO,"Durango, CO",0.914,25374.0,39000.0,0.39,3319.0,Public,10904.0,15.0,41.3112,-72.9246
82,University of Northern Colorado,Greeley,CO,"Greeley, CO",0.9079999999999999,25459.0,44600.0,0.47,13437.0,Public,10770.0,18.0,34.0376,-80.9037
83,University of Northern Colorado,Greeley,CO,"Greeley, CO",0.9079999999999999,25459.0,44600.0,0.47,13437.0,Public,10770.0,18.0,33.4017,-111.718
84,Regis University,Denver,CO,"Denver, CO",0.71,55508.0,57900.0,0.67,7907.0,Private,10210.0,13.0,27.955,-80.6627
85,United States Air Force Academy,USAFA,CO,"USAFA, Colorado",0.111,0.0,,,4336.0,Public,,8.0,40.2457,-111.6457
86,University of Connecticut,Storrs,CT,"Storrs, CT",0.494,34284.0,62000.0,0.82,27412.0,Public,12436.0,16.0,42.2705,-71.8079
87,University of Connecticut,Storrs,CT,"Storrs, CT",0.494,34284.0,62000.0,0.82,27412.0,Public,12436.0,16.0,33.572,-117.1909
88,Fairfield University,Fairfield,CT,"Fairfield, CT",0.5710000000000001,67860.0,77100.0,0.81,5273.0,Private,13860.0,12.0,34.8353,-82.3647
89,University of Hartford,West Hartford,CT,"West Hartford, CT",0.763,59249.0,49600.0,0.54,6770.0,Private,11986.0,10.0,37.6896,-97.3442
90,University of New Haven,West Haven,CT,"West Haven, CT",0.83,60038.0,52300.0,0.52,6867.0,Private,15130.0,16.0,41.6639,-83.5822
91,Trinity College,Hartford,CT,"Hartford, CT",0.335,76850.0,71500.0,0.85,2235.0,Private,13680.0,9.0,40.5834,-74.1496
92,United States Coast Guard Academy,New London,CT,"New London, Connecticut",0.205,0.0,,,1071.0,Public,,7.0,41.5725,-93.6105
93,Yale University,New Haven,CT,"New Haven, CT",0.061,76645.0,118400.0,0.96,13433.0,Private,15170.0,6.0,33.7981,-118.1675
94,University of Delaware,Newark,DE,"Newark, DE",0.7140000000000001,30288.0,61300.0,0.79,24120.0,Public,12068.0,15.0,27.2796,-80.3883
95,University of Delaware,Newark,DE,"Newark, DE",0.7140000000000001,30288.0,61300.0,0.79,24120.0,Public,12068.0,15.0,33.2176,-97.1419
96,American University,Washington,DC,"Washington, DC",0.361,67694.0,64800.0,0.81,14311.0,Private,15698.0,11.0,43.0826,-89.3931
97,George Washington University,Washington,DC,"Washington, DC",0.408,74160.0,80500.0,0.81,28172.0,Private,12500.0,13.0,39.5497,-119.8483
98,Georgetown University,Washington,DC,"Washington, DC",0.14400000000000002,76280.0,118900.0,0.94,19204.0,Private,14962.0,11.0,40.2752,-76.8843
99,Howard University,Washington,DC,"Washington, DC",0.361,45971.0,51800.0,0.6,9139.0,Private,13280.0,8.0,34.7256,-92.3576
100,University of Central Florida,Orlando,FL,"Orlando, FL",0.444,22548.0,48900.0,0.7,68475.0,Public,9764.0,30.0,37.7903,-122.2165
101,University of Central Florida,Orlando,FL,"Orlando, FL",0.444,22548.0,48900.0,0.7,68475.0,Public,9764.0,30.0,35.9794,-78.9031
102,Eckerd College,Saint Petersburg,FL,"Saint Petersburg, FL",0.674,63572.0,48400.0,0.65,2006.0,Private,11336.0,12.0,36.1029,-80.2611
103,Florida Agricultural and Mechanical University,Tallahassee,FL,"Tallahassee, FL",0.35700000000000004,23433.0,43600.0,0.39,10021.0,Public,10058.0,16.0,26.3559,-81.7861
104,Florida Agricultural and Mechanical University,Tallahassee,FL,"Tallahassee, FL",0.35700000000000004,23433.0,43600.0,0.39,10021.0,Public,10058.0,16.0,33.7346,-116.2346
105,Florida Atlantic University,Boca Raton,FL,"Boca Raton, FL",0.633,25459.0,46200.0,0.48,29772.0,Public,12006.0,24.0,29.5392,-81.246
106,Florida Atlantic University,Boca Raton,FL,"Boca Raton, FL",0.633,25459.0,46200.0,0.48,29772.0,Public,12006.0,24.0,35.0657,-85.2488
107,Florida College,Temple Terrace,FL,"Temple Terrace, FL",0.753,30490.0,39200.0,0.48,508.0,Private,8230.0,13.0,47.6671,-117.433
108,Florida Institute of Technology,Melbourne,FL,"Melbourne, FL",0.657,60150.0,62600.0,0.56,6271.0,Private,13610.0,15.0,43.0409,-76.1438
109,Florida International University,Miami,FL,"Miami, FL",0.575,23865.0,49900.0,0.56,57942.0,Public,10846.0,27.0,40.0421,-76.3012
110,Florida International University,Miami,FL,"Miami, FL",0.575,23865.0,49900.0,0.56,57942.0,Public,10846.0,27.0,32.6998,-97.125
111,Florida Southern College,Lakeland,FL,"Lakeland, FL",0.521,53600.0,42700.0,0.61,3154.0,Private,10680.0,15.0,37.9765,-121.3109
112,Florida State University,Tallahassee,FL,"Tallahassee, FL",0.36,22446.0,51400.0,0.79,41005.0,Public,10304.0,22.0,41.6949,-73.921
113,Florida State University,Tallahassee,FL,"Tallahassee, FL",0.36,22446.0,51400.0,0.79,41005.0,Public,10304.0,22.0,33.3645,-82.0708
114,University of Florida,Gainesville,FL,"Gainesville, FL",0.366,21211.0,62600.0,0.87,52218.0,Public,9910.0,19.0,43.6007,-116.2312
115,University of Florida,Gainesville,FL,"Gainesville, FL",0.366,21211.0,62600.0,0.87,52218.0,Public,9910.0,19.0,34.1963,-119.1815
116,Jacksonville University,Jacksonville,FL,"Jacksonville, FL",0.917,56400.0,54800.0,0.41,4213.0,Private,13550.0,11.0,41.4044,-75.6649
117,University of Miami,Coral Gables,FL,"Coral Gables, FL",0.271,70906.0,70200.0,0.81,17331.0,Private,13310.0,12.0,37.6374,-121.0028
118,University of North Florida,Jacksonville,FL,"Jacksonville, FL",0.723,21379.0,47200.0,0.55,16776.0,Public,9772.0,18.0,28.3042,-81.4164
119,University of North Florida,Jacksonville,FL,"Jacksonville, FL",0.723,21379.0,47200.0,0.55,16776.0,Public,9772.0,18.0,39.7087,-104.7273
120,Nova Southeastern University,Fort Lauderdale,FL,"Fort Lauderdale, FL",0.8009999999999999,52967.0,53300.0,0.45,20435.0,Private,11540.0,17.0,41.0993,-80.6463
121,Southeastern University,Lakeland,FL,"Lakeland, FL",,42330.0,35700.0,0.41,8755.0,Private,9724.0,17.0,36.0713,-94.166
122,The University of Tampa,Tampa,FL,"Tampa, FL",0.447,46758.0,51800.0,0.59,9333.0,Private,10196.0,17.0,33.839,-117.8572
123,The University of West Florida,Pensacola,FL,"Pensacola, FL",0.31,20322.0,41200.0,0.49,12847.0,Public,9354.0,21.0,30.4427,-87.1886
124,The University of West Florida,Pensacola,FL,"Pensacola, FL",0.31,20322.0,41200.0,0.49,12847.0,Public,9354.0,21.0,34.5277,-117.3536
125,Berry College,Mount Berry,GA,"Mount Berry, GA",0.706,53540.0,41700.0,0.63,2014.0,Private,11730.0,11.0,34.6935,-118.1753
126,Covenant College,Lookout Mountain,GA,"Lookout Mountain, GA",0.982,49420.0,45600.0,0.6,1046.0,Private,9630.0,13.0,36.0956,-79.8269
127,Emmanuel College,Boston,MA,"Boston, MA",0.7809999999999999,60243.0,50600.0,0.64,2209.0,Private,7200.0,14.0,27.726,-97.3755
128,Emmanuel College,Boston,MA,"Boston, MA",0.7809999999999999,60243.0,50600.0,0.64,2209.0,Private,,13.0,41.0886,-85.1437
129,Emory University,Atlanta,GA,"Atlanta, GA",0.156,72604.0,81500.0,0.89,14458.0,Private,13486.0,9.0,33.7366,-117.8819
130,Georgia Southern University,Statesboro,GA,"Statesboro, GA",0.545,23497.0,44800.0,0.51,26408.0,Public,9800.0,21.0,43.0235,-83.6922
131,Georgia Southern University,Statesboro,GA,"Statesboro, GA",0.545,23497.0,44800.0,0.51,26408.0,Public,9800.0,21.0,35.0846,-78.9776
132,Georgia State University,Atlanta,GA,"Atlanta, GA",0.7609999999999999,29725.0,46200.0,0.54,34316.0,Public,14084.0,23.0,32.3163,-90.2124
133,Georgia State University,Atlanta,GA,"Atlanta, GA",0.7609999999999999,29725.0,46200.0,0.54,34316.0,Public,14084.0,23.0,38.4458,-122.7067
134,University of Georgia,Athens,GA,"Athens, GA",0.45299999999999996,27450.0,56400.0,0.85,38652.0,Public,9616.0,17.0,42.7142,-84.5601
135,University of Georgia,Athens,GA,"Athens, GA",0.45299999999999996,27450.0,56400.0,0.85,38652.0,Public,9616.0,17.0,18.4037,-66.0636
136,LaGrange College,Lagrange,GA,"Lagrange, GA",0.488,47360.0,44500.0,0.49,1029.0,Private,11440.0,11.0,38.0423,-84.4587
137,Mercer University,Macon,GA,"Macon, GA",0.742,53822.0,57300.0,0.62,8740.0,Private,11106.0,13.0,42.2755,-83.7312
138,Morehouse College,Atlanta,GA,"Atlanta, GA",0.998,48500.0,48000.0,0.52,2206.0,Private,13322.0,12.0,36.0133,-115.038
139,Oglethorpe University,Atlanta,GA,"Atlanta, GA",0.6759999999999999,56930.0,49800.0,0.52,1264.0,Private,12710.0,16.0,34.6988,-86.6412
140,Piedmont College,Demorest,GA,"Demorest, GA",0.54,41650.0,41000.0,0.48,2449.0,Private,9400.0,10.0,30.6783,-88.1162
141,Savannah College of Art and Design,Savannah,GA,"Savannah, GA",0.9590000000000001,58961.0,39800.0,0.66,14086.0,Private,13905.0,20.0,40.5478,-105.0656
142,Shorter University,Rome,GA,"Rome, GA",0.603,35130.0,49300.0,0.46,1452.0,Private,9400.0,14.0,35.5704,-82.5536
143,Spelman College,Atlanta,GA,"Atlanta, GA",0.434,54310.0,51300.0,0.75,2171.0,Private,12795.0,11.0,34.4175,-118.4964
144,Young Harris College,Young Harris,GA,"Young Harris, GA",0.647,44142.0,39100.0,0.48,1425.0,Private,10464.0,11.0,44.9477,-93.104
145,Chaminade University of Honolulu,Honolulu,HI,"Honolulu, HI",0.9470000000000001,44331.0,41300.0,0.48,2150.0,Private,12690.0,11.0,37.9789,-121.7958
146,University of Hawaii at Hilo,Hilo,HI,"Hilo, HI",0.516,20672.0,38100.0,0.39,3406.0,Public,10418.0,12.0,28.0556,-81.9545
147,University of Hawaii at Hilo,Hilo,HI,"Hilo, HI",0.516,20672.0,38100.0,0.39,3406.0,Public,10418.0,12.0,40.2236,-74.7641
148,University of Hawaii at Manoa,Honolulu,HI,"Honolulu, HI",0.585,29823.0,49300.0,0.57,17710.0,Public,13030.0,12.0,40.809,-96.6788
149,University of Hawaii at Manoa,Honolulu,HI,"Honolulu, HI",0.585,29823.0,49300.0,0.57,17710.0,Public,13030.0,12.0,37.1943,-93.2916
150,Hawaii Pacific University,Honolulu,HI,"Honolulu, HI",0.748,49640.0,51100.0,0.46,4086.0,Private,13898.0,12.0,61.1508,-149.1091
151,Boise Bible College,Boise,ID,"Boise, ID",0.9470000000000001,24258.0,29900.0,0.48,110.0,Private,6450.0,11.0,33.0502,-96.7487
152,Boise State University,Boise,ID,"Boise, ID",0.774,24300.0,41600.0,0.37,25504.0,Public,7780.0,17.0,33.6772,-117.7738
153,Boise State University,Boise,ID,"Boise, ID",0.774,24300.0,41600.0,0.37,25504.0,Public,7780.0,17.0,41.5563,-90.6052
154,University of Idaho,Moscow,ID,"Moscow, ID",0.778,21820.0,46900.0,0.58,11841.0,Public,8354.0,14.0,42.2597,-89.0641
155,University of Idaho,Moscow,ID,"Moscow, ID",0.778,21820.0,46900.0,0.58,11841.0,Public,8354.0,14.0,40.7245,-74.1725
156,Northwest Nazarene University,Nampa,ID,"Nampa, ID",,42990.0,43000.0,0.51,2201.0,Private,6800.0,15.0,41.6767,-86.2696
157,School of the Art Institute of Chicago,Chicago,IL,"Chicago, IL",0.57,69880.0,39100.0,0.6,3639.0,Private,13640.0,10.0,32.4656,-93.7956
158,Aurora University,Aurora,IL,"Aurora, IL",0.867,38798.0,42900.0,0.57,6005.0,Private,9366.0,18.0,42.379,-88.0811
159,Blackburn College,Carlinville,IL,"Carlinville, IL",0.5710000000000001,33260.0,40400.0,0.4,566.0,Private,7364.0,11.0,32.0281,-81.1784
160,Bradley University,Peoria,IL,"Peoria, IL",0.7020000000000001,48990.0,56800.0,0.74,5882.0,Private,10010.0,12.0,33.7096,-78.8843
161,University of Chicago,Chicago,IL,"Chicago, IL",0.062,81531.0,98500.0,0.92,17002.0,Private,15093.0,5.0,32.6281,-117.0145
162,Eastern Illinois University,Charleston,IL,"Charleston, IL",0.525,24653.0,43500.0,0.59,7526.0,Public,9546.0,14.0,44.0563,-123.1173
163,Eastern Illinois University,Charleston,IL,"Charleston, IL",0.525,24653.0,43500.0,0.59,7526.0,Public,9546.0,14.0,40.8075,-81.3677
164,Elmhurst College,Elmhurst,IL,"Elmhurst, IL",0.6779999999999999,52049.0,50200.0,0.7,3426.0,Private,9928.0,14.0,33.5659,-101.8878
165,Eureka College,Eureka,IL,"Eureka, IL",0.618,39620.0,38800.0,0.52,567.0,Private,9100.0,13.0,40.34,-75.9267
166,Greenville College,Greenville,IL,"Greenville, IL",0.561,41322.0,40300.0,0.52,1132.0,Private,9016.0,11.0,28.0118,-81.7017
167,University of Illinois at Chicago,Chicago,IL,"Chicago, IL",0.727,31381.0,61900.0,0.6,31683.0,Public,11342.0,19.0,44.9231,-123.0246
168,University of Illinois at Chicago,Chicago,IL,"Chicago, IL",0.727,31381.0,61900.0,0.6,31683.0,Public,11342.0,19.0,27.7931,-82.6652
169,Benedictine University,Lisle,IL,"Lisle, IL",0.41700000000000004,50006.0,52800.0,0.52,4940.0,Private,9200.0,11.0,30.2084,-92.0323
170,Illinois Wesleyan University,Bloomington,IL,"Bloomington, IL",0.608,63840.0,60500.0,0.82,1693.0,Private,10178.0,10.0,27.5629,-99.4875
171,Illinois Institute of Technology,Chicago,IL,"Chicago, IL",0.602,68262.0,79300.0,0.69,6753.0,Private,12818.0,12.0,40.7161,-74.0682
172,Illinois State University,Normal,IL,"Normal, IL",0.8190000000000001,31124.0,49000.0,0.72,20635.0,Public,9850.0,18.0,35.3933,-80.6366
173,Illinois State University,Normal,IL,"Normal, IL",0.8190000000000001,31124.0,49000.0,0.72,20635.0,Public,9850.0,18.0,32.51,-84.8771
174,Lewis University,Romeoville,IL,"Romeoville, IL",0.639,47980.0,51500.0,0.64,6440.0,Private,10320.0,13.0,33.2826,-111.8516
175,Loyola University Chicago,Chicago,IL,"Chicago, IL",0.672,63123.0,59800.0,0.74,17007.0,Private,13770.0,14.0,33.2015,-96.6669
176,McKendree University,Lebanon,IL,"Lebanon, IL",0.633,45110.0,48300.0,0.56,2494.0,Private,9200.0,14.0,33.6872,-111.8651
177,Millikin University,Decatur,IL,"Decatur, IL",0.713,51972.0,47100.0,0.61,2094.0,Private,11190.0,10.0,31.0754,-97.7296
178,Monmouth College,Monmouth,IL,"Monmouth, IL",0.667,51270.0,46000.0,0.57,914.0,Private,8300.0,11.0,30.4551,-84.2526
179,North Central College,Naperville,IL,"Naperville, IL",0.536,54326.0,48900.0,0.65,2928.0,Private,10356.0,14.0,40.752,-89.6153
180,Northwestern University,Evanston,IL,"Evanston, IL",0.091,78654.0,89800.0,0.93,22127.0,Private,15489.0,6.0,34.21,-77.8866
181,Olivet Nazarene University,Bourbonnais,IL,"Bourbonnais, IL",0.578,48770.0,42600.0,0.59,4655.0,Private,7900.0,17.0,32.3473,-86.2666
182,Quincy University,Quincy,IL,"Quincy, IL",0.618,43100.0,45500.0,0.51,1086.0,Private,10500.0,14.0,33.3101,-111.7463
183,Roosevelt University,Chicago,IL,"Chicago, IL",0.6729999999999999,49699.0,46600.0,0.34,4329.0,Private,12927.0,11.0,33.5791,-112.2311
184,Dominican University,River Forest,IL,"River Forest, IL",0.643,47541.0,48000.0,0.61,2990.0,Private,9652.0,10.0,36.288,-115.0901
185,University of St Francis,Joliet,IL,"Joliet, IL",0.456,47810.0,50600.0,0.61,3927.0,Private,9084.0,13.0,36.6778,-76.3024
186,Saint Xavier University,Chicago,IL,"Chicago, IL",0.726,49064.0,49000.0,0.51,3667.0,Private,11060.0,14.0,41.6722,-70.3599
187,University of Illinois at Springfield,Springfield,IL,"Springfield, IL",0.768,25473.0,47500.0,0.48,4575.0,Public,9600.0,13.0,36.8945,-76.259
188,University of Illinois at Springfield,Springfield,IL,"Springfield, IL",0.768,25473.0,47500.0,0.48,4575.0,Public,9600.0,13.0,37.5265,-121.9852
189,Trinity Christian College,Palos Heights,IL,"Palos Heights, IL",0.691,45025.0,44700.0,0.6,1131.0,Private,9580.0,10.0,46.1978,-119.1732
190,Wheaton College,Wheaton,IL,"Wheaton, IL",0.848,51130.0,54300.0,0.89,2944.0,Private,9560.0,10.0,32.91,-96.6305
191,Wheaton College,Wheaton,IL,"Wheaton, IL",0.848,51130.0,54300.0,0.89,2944.0,Private,,11.0,32.8584,-96.9702
192,Anderson University,Anderson,SC,"Anderson, SC",0.687,44374.0,37500.0,0.5,3429.0,Private,9550.0,10.0,36.3276,-119.3269
193,Anderson University,Anderson,IN,"Anderson, IN",0.627,45270.0,40400.0,0.58,1722.0,Private,9550.0,10.0,39.3797,-74.4527
194,Butler University,Indianapolis,IN,"Indianapolis, IN",0.732,61950.0,68400.0,0.77,5495.0,Private,12947.0,11.0,36.0807,-115.1369
195,DePauw University,Greencastle,IN,"Greencastle, IN",0.644,66946.0,61000.0,0.81,2156.0,Private,12240.0,9.0,42.7491,-71.491
196,Earlham College,Richmond,IN,"Richmond, IN",0.634,61265.0,39100.0,0.7,1104.0,Private,9570.0,10.0,38.8786,-77.1011
197,University of Evansville,Evansville,IN,"Evansville, IN",0.7070000000000001,53676.0,46000.0,0.67,2443.0,Private,11690.0,11.0,25.8696,-80.3046
198,Franklin College,Franklin,IN,"Franklin, IN",0.813,47414.0,45300.0,0.61,982.0,Private,9355.0,11.0,39.9651,-76.7315
199,Goshen College,Goshen,IN,"Goshen, IN",0.63,48890.0,40400.0,0.69,927.0,Private,10300.0,11.0,37.9881,-87.5341
200,Hanover College,Hanover,IN,"Hanover, IN",0.648,53400.0,48600.0,0.68,1104.0,Private,10850.0,13.0,33.3858,-112.3236
201,Huntington University,Huntington,IN,"Huntington, IN",0.755,38974.0,36600.0,0.62,1302.0,Private,8456.0,12.0,25.998,-97.4565
202,University of Indianapolis,Indianapolis,IN,"Indianapolis, IN",0.9279999999999999,46020.0,43800.0,0.54,5935.0,Private,9648.0,13.0,30.4271,-89.0703
203,University of Southern Indiana,Evansville,IN,"Evansville, IN",0.9329999999999999,21820.0,38800.0,0.41,10986.0,Public,8896.0,17.0,44.2779,-88.3891
204,University of Southern Indiana,Evansville,IN,"Evansville, IN",0.9329999999999999,21820.0,38800.0,0.41,10986.0,Public,8896.0,17.0,47.5436,-122.7122
205,Marian University,Indianapolis,IN,"Indianapolis, IN",0.615,50968.0,44800.0,0.55,3592.0,Private,9720.0,14.0,35.7425,-81.323
206,Indiana Wesleyan University,Marion,IN,"Marion, IN",0.67,39532.0,54300.0,0.61,3188.0,Private,8148.0,14.0,47.2431,-122.4531
207,University of Notre Dame,Notre Dame,IN,"Notre Dame, IN",0.158,74193.0,89800.0,0.96,12607.0,Private,14358.0,10.0,34.1417,-117.2946
208,Saint Mary's College,Notre Dame,IN,"Notre Dame, IN",,,,,,Unknown,11720.0,9.0,30.5852,-96.296
209,Taylor University,Upland,IN,"Upland, IN",0.6809999999999999,48755.0,41300.0,0.76,2195.0,Private,8845.0,13.0,42.2749,-85.5882
210,Trine University,Angola,IN,"Angola, IN",0.816,48620.0,46400.0,0.55,4320.0,Private,10350.0,14.0,34.1914,-118.8755
211,Valparaiso University,Valparaiso,IN,"Valparaiso, IN",0.858,56900.0,54000.0,0.67,3786.0,Private,10920.0,12.0,37.2785,-79.958
212,Wabash College,Crawfordsville,IN,"Crawfordsville, IN",0.642,58770.0,62800.0,0.73,882.0,Private,9600.0,10.0,34.0968,-117.4599
213,Buena Vista University,Storm Lake,IA,"Storm Lake, IA",0.574,48375.0,41200.0,0.48,1846.0,Private,9304.0,9.0,33.9244,-117.2045
214,Central College,Pella,IA,"Pella, IA",0.6509999999999999,53402.0,48000.0,0.67,1117.0,Private,9980.0,12.0,27.0577,-82.1975
215,Clarke University,Dubuque,IA,"Dubuque, IA",0.9390000000000001,49360.0,42800.0,0.65,1004.0,Private,9200.0,8.0,46.8652,-96.8292
216,Cornell College,Mount Vernon,IA,"Mount Vernon, IA",0.618,60337.0,45400.0,0.67,1028.0,Private,8900.0,11.0,44.515,-87.9896
217,Dordt College,Sioux Center,IA,"Sioux Center, IA",0.755,46400.0,43300.0,0.67,1564.0,Private,8730.0,14.0,36.0987,-115.2619
218,Drake University,Des Moines,IA,"Des Moines, IA",0.6759999999999999,58488.0,68500.0,0.77,4869.0,Private,9850.0,11.0,35.1988,-101.8311
219,Emmaus Bible College,Dubuque,IA,"Dubuque, IA",,29950.0,31700.0,0.79,238.0,Private,7100.0,10.0,43.6773,-70.2715
220,Grinnell College,Grinnell,IA,"Grinnell, IA",0.231,70746.0,59500.0,0.88,1716.0,Private,11980.0,9.0,34.4285,-119.7202
221,Iowa State University,Ames,IA,"Ames, IA",0.9209999999999999,21940.0,53700.0,0.7,34992.0,Public,8356.0,19.0,29.6804,-82.3458
222,Iowa State University,Ames,IA,"Ames, IA",0.9209999999999999,21940.0,53700.0,0.7,34992.0,Public,8356.0,19.0,47.0417,-122.8959
223,University of Iowa,Iowa City,IA,"Iowa City, IA",0.826,24806.0,59800.0,0.71,31656.0,Public,10108.0,16.0,33.1555,-96.8215
224,University of Iowa,Iowa City,IA,"Iowa City, IA",0.826,24806.0,59800.0,0.71,31656.0,Public,10108.0,16.0,40.9466,-73.8674
225,Loras College,Dubuque,IA,"Dubuque, IA",0.753,46754.0,49200.0,0.67,1489.0,Private,7700.0,12.0,41.5495,-72.0882
226,Luther College,Decorah,IA,"Decorah, IA",0.623,57885.0,50000.0,0.79,2005.0,Private,8500.0,11.0,34.1818,-118.2468
227,University of Northern Iowa,Cedar Falls,IA,"Cedar Falls, IA",0.79,21294.0,47700.0,0.66,11187.0,Public,8629.0,18.0,33.696,-118.0025
228,University of Northern Iowa,Cedar Falls,IA,"Cedar Falls, IA",0.79,21294.0,47700.0,0.66,11187.0,Public,8629.0,18.0,28.905,-81.2137
229,Northwestern College,Orange City,IA,"Orange City, IA",0.695,45900.0,38400.0,0.65,1299.0,Private,8900.0,12.0,41.7637,-88.2901
230,Northwestern College,Saint Paul,MN,"Saint Paul, MN",0.9179999999999999,44430.0,41100.0,0.66,3623.0,Private,8900.0,12.0,33.3881,-111.9318
231,Saint Ambrose University,Davenport,IA,"Davenport, IA",0.768,47438.0,48300.0,0.6,3045.0,Private,9869.0,12.0,38.887,-94.687
232,Simpson College,Indianola,IA,"Indianola, IA",0.805,54008.0,48000.0,0.7,1444.0,Private,7963.0,11.0,32.6872,-97.0209
233,Upper Iowa University,Fayette,IA,"Fayette, IA",0.513,45237.0,42100.0,0.4,4392.0,Private,8120.0,17.0,36.1785,-115.049
234,Wartburg College,Waverly,IA,"Waverly, IA",0.7509999999999999,55610.0,48100.0,0.7,1498.0,Private,9460.0,11.0,31.5598,-97.1881
235,Baker University,Baldwin City,KS,"Baldwin City, KS",0.88,44530.0,56000.0,0.59,2769.0,Private,8230.0,7.0,36.6884,-121.6317
236,Benedictine College,Atchison,KS,"Atchison, KS",0.971,46380.0,42600.0,0.64,2124.0,Private,9560.0,13.0,41.5583,-73.0361
237,Friends University,Wichita,KS,"Wichita, KS",0.45799999999999996,42874.0,46500.0,0.38,1926.0,Private,7590.0,10.0,36.5695,-87.342
238,Newman University,Wichita,KS,"Wichita, KS",0.675,45784.0,46400.0,0.49,3373.0,Private,7674.0,11.0,41.9665,-91.6782
239,Kansas Wesleyan University,Salina,KS,"Salina, KS",0.606,42820.0,42500.0,0.37,741.0,Private,8600.0,12.0,43.5397,-96.732
240,McPherson College,McPherson,KS,"McPherson, KS",0.521,43998.0,44200.0,0.56,819.0,Private,8411.0,13.0,38.4109,-82.4344
241,Pittsburg State University,Pittsburg,KS,"Pittsburg, KS",0.956,20252.0,43600.0,0.49,6625.0,Public,7572.0,18.0,34.0393,-117.6064
242,University of Saint Mary,Leavenworth,KS,"Leavenworth, KS",0.84,42940.0,41200.0,0.38,1254.0,Private,7940.0,9.0,39.6401,-77.7217
243,Wichita State University,Wichita,KS,"Wichita, KS",0.917,25438.0,43800.0,0.44,15778.0,Public,9853.0,20.0,42.1168,-80.0733
244,Asbury University,Wilmore,KY,"Wilmore, KY",0.644,42800.0,39500.0,0.65,1940.0,Private,6748.0,13.0,45.6366,-122.5967
245,Bellarmine University,Louisville,KY,"Louisville, KY",0.662,59690.0,50300.0,0.67,3369.0,Private,11820.0,12.0,43.5845,-116.5631
246,Centre College,Danville,KY,"Danville, KY",0.764,56910.0,52500.0,0.84,1434.0,Private,9950.0,11.0,34.9437,-81.9257
247,University of the Cumberlands,Williamsburg,KY,"Williamsburg, KY",0.8,24265.0,36700.0,0.36,13472.0,Private,9000.0,17.0,35.2494,-81.1853
248,Eastern Kentucky University,Richmond,KY,"Richmond, KY",0.938,24352.0,37900.0,0.41,15815.0,Public,8666.0,16.0,26.1412,-80.1464
249,Georgetown College,Georgetown,KY,"Georgetown, KY",0.633,53518.0,46300.0,0.56,1608.0,Private,9050.0,11.0,41.4409,-82.184
250,Kentucky Wesleyan College,Owensboro,KY,"Owensboro, KY",0.624,42355.0,38500.0,0.4,830.0,Private,8480.0,13.0,35.8492,-86.4119
251,University of Kentucky,Lexington,KY,"Lexington, KY",0.9590000000000001,30928.0,51000.0,0.62,29182.0,Public,12184.0,17.0,35.9907,-79.9938
252,University of Louisville,Louisville,KY,"Louisville, KY",0.693,28898.0,45200.0,0.53,21430.0,Public,8130.0,15.0,37.1051,-76.5185
253,Morehead State University,Morehead,KY,"Morehead, KY",0.7759999999999999,22832.0,34400.0,0.41,10195.0,Public,8892.0,18.0,34.1248,-117.5666
254,Murray State University,Murray,KY,"Murray, KY",0.8240000000000001,23694.0,40400.0,0.5,9454.0,Public,8588.0,15.0,33.7341,-116.9969
255,Northern Kentucky University,Highland Heights,KY,"Highland Heights, KY",0.902,23642.0,39700.0,0.38,14764.0,Public,9526.0,19.0,36.9789,-122.0346
256,Thomas More College,Crestview Hills,KY,"Crestview Hills, KY",0.9059999999999999,44250.0,54500.0,0.47,2253.0,Private,7304.0,14.0,41.4016,-73.471
257,Transylvania University,Lexington,KY,"Lexington, KY",0.897,54080.0,48700.0,0.72,987.0,Private,9860.0,11.0,33.7844,-112.2989
258,Union College,Schenectady,NY,"Schenectady, NY",0.429,73410.0,74200.0,0.87,2197.0,Private,7250.0,15.0,33.2247,-117.3083
259,Union College,Lincoln,NE,"Lincoln, NE",0.9279999999999999,36600.0,46200.0,0.53,807.0,Private,7250.0,15.0,38.416,-121.3842
260,Union College,Schenectady,NY,"Schenectady, NY",0.429,73410.0,74200.0,0.87,2197.0,Private,,10.0,26.0128,-80.3382
261,Union College,Lincoln,NE,"Lincoln, NE",0.9279999999999999,36600.0,46200.0,0.53,807.0,Private,,10.0,38.1133,-122.2358
262,Union College,Schenectady,NY,"Schenectady, NY",0.429,73410.0,74200.0,0.87,2197.0,Private,,10.0,33.7787,-117.9601
263,Union College,Lincoln,NE,"Lincoln, NE",0.9279999999999999,36600.0,46200.0,0.53,807.0,Private,,10.0,36.0164,-115.2208
264,Centenary College of Louisiana,Shreveport,LA,"Shreveport, LA",0.598,55300.0,52500.0,0.53,585.0,Private,12980.0,9.0,42.3372,-122.8537
265,Louisiana Tech University,Ruston,LA,"Ruston, LA",0.6409999999999999,22341.0,48600.0,0.52,11909.0,Public,5925.0,24.0,35.782,-78.8191
266,Loyola University New Orleans,New Orleans,LA,"New Orleans, LA",0.75,57020.0,50600.0,0.64,4261.0,Private,12464.0,11.0,48.0809,-122.1561
267,McNeese State University,Lake Charles,LA,"Lake Charles, LA",0.807,22256.0,44000.0,0.41,7647.0,Public,8014.0,21.0,33.8616,-117.5649
268,University of New Orleans,New Orleans,LA,"New Orleans, LA",0.555,23816.0,42700.0,0.34,8151.0,Public,9730.0,22.0,29.178,-82.1511
269,Northwestern State University of Louisiana,Natchitoches,LA,"Natchitoches, LA",0.82,23867.0,38100.0,0.38,11081.0,Public,8930.0,16.0,38.2992,-77.4872
270,Xavier University of Louisiana,New Orleans,LA,"New Orleans, LA",0.6,38485.0,61700.0,0.42,3231.0,Private,,14.0,34.2903,-83.8301
271,Colby College,Waterville,ME,"Waterville, ME",0.09699999999999999,73600.0,73400.0,0.92,2000.0,Private,,10.0,42.9848,-71.4447
272,University of Maine,Orono,ME,"Orono, ME",0.902,25604.0,46700.0,0.58,11404.0,Public,,16.0,18.3793,-66.1635
273,Maine Maritime Academy,Castine,ME,"Castine, ME",0.45299999999999996,28208.0,100300.0,0.64,997.0,Public,,13.0,40.1144,-88.2735
274,University of New England,Biddeford,ME,"Biddeford, ME",0.8440000000000001,57310.0,53800.0,0.61,8010.0,Private,,13.0,38.8185,-77.0861
275,Capitol College,Laurel,MD,"Laurel, MD",0.8340000000000001,43862.0,70100.0,0.37,743.0,Private,,16.0,37.6328,-122.0772
276,Johns Hopkins University,Baltimore,MD,"Baltimore, MD",0.11199999999999999,74028.0,85800.0,0.93,26152.0,Private,,7.0,39.771,-89.6538
277,Maryland Institute College of Art,Baltimore,MD,"Baltimore, MD",0.639,67075.0,40300.0,0.73,2178.0,Private,,8.0,39.6977,-105.1168
278,Mount St Mary's University,Emmitsburg,MD,"Emmitsburg, MD",,,,,,Unknown,,12.0,40.399,-86.8594
279,Notre Dame of Maryland University,Baltimore,MD,"Baltimore, MD",0.617,53480.0,52700.0,0.56,2371.0,Private,,7.0,39.4336,-77.4141
280,St Mary's College of Maryland,St. Mary's City,MD,"St. Mary's City, MD",,,,,,Unknown,,9.0,30.2012,-93.2122
281,St John's College,Annapolis,MD,"Annapolis, MD",,,,,,Unknown,,7.0,31.8831,-102.3406
282,St John's College,Santa Fe,NM,"Santa Fe, NM",,,,,,Unknown,,7.0,33.2348,-87.5267
283,Towson University,Towson,MD,"Towson, MD",0.763,27474.0,53500.0,0.69,22923.0,Public,,17.0,32.597,-83.6529
284,United States Naval Academy,Annapolis,MD,"Annapolis, Maryland",0.083,0.0,,,4512.0,Public,,8.0,34.5944,-118.1057
285,Amherst College,Amherst,MA,"Amherst, MA",0.113,76750.0,82000.0,0.95,1855.0,Private,,8.0,26.0294,-80.1679
286,Babson College,Wellesley,MA,"Wellesley, MA",0.264,72378.0,108500.0,0.89,3357.0,Private,,13.0,32.0249,-102.1137
287,Bentley University,Waltham,MA,"Waltham, MA",0.467,71320.0,87200.0,0.89,5460.0,Private,,11.0,28.7657,-81.8996
288,Boston College,Chestnut Hill,MA,"Chestnut Hill, MA",0.272,75886.0,90900.0,0.92,14720.0,Private,,13.0,29.8554,-93.9264
289,Boston University,Boston,MA,"Boston, MA",0.18899999999999997,75002.0,72000.0,0.85,34657.0,Private,,10.0,43.2281,-86.2563
290,Brandeis University,Waltham,MA,"Waltham, MA",0.299,76141.0,66700.0,0.89,5800.0,Private,,10.0,32.8065,-83.6974
291,Emerson College,Boston,MA,"Boston, MA",0.33299999999999996,72222.0,49200.0,0.8,4573.0,Private,,15.0,39.1234,-94.7443
292,Gordon College,Wenham,MA,"Wenham, MA",0.74,52100.0,45300.0,0.7,1955.0,Private,,11.0,37.3836,-122.0256
293,Harvard University,Cambridge,MA,"Cambridge, MA",0.046,73800.0,136700.0,0.98,31566.0,Private,,7.0,34.0585,-117.7626
294,Massachusetts Institute of Technology,Cambridge,MA,"Cambridge, MA",0.067,73160.0,142100.0,0.92,11574.0,Private,,3.0,33.1347,-117.0722
295,Northeastern University,Boston,MA,"Boston, MA",0.18100000000000002,73236.0,69500.0,0.83,21627.0,Private,,14.0,29.6583,-95.1499
296,College of Our Lady of the Elms,Chicopee,MA,"Chicopee, MA",0.7509999999999999,54166.0,46300.0,0.73,1531.0,Private,,12.0,41.6697,-70.9428
297,Tufts University,Medford,MA,"Medford, MA",0.15,76200.0,83100.0,0.93,11586.0,Private,,9.0,38.2592,-122.0324
298,Wellesley College,Wellesley,MA,"Wellesley, MA",0.21600000000000003,75198.0,68100.0,0.92,2534.0,Private,,7.0,41.7483,-88.1657
299,Williams College,Williamstown,MA,"Williamstown, MA",0.126,75520.0,73600.0,0.95,2149.0,Private,,6.0,47.5951,-122.1535
300,Adrian College,Adrian,MI,"Adrian, MI",0.5589999999999999,54829.0,39900.0,0.55,1856.0,Private,,13.0,42.1014,-75.9093
301,Albion College,Albion,MI,"Albion, MI",0.688,62155.0,55600.0,0.69,1533.0,Private,,12.0,41.6916,-85.9628
302,Alma College,Alma,MI,"Alma, MI",0.624,55820.0,48300.0,0.61,1433.0,Private,,12.0,39.0346,-95.6955
303,Andrews University,Berrien Springs,MI,"Berrien Springs, MI",0.67,41658.0,43700.0,0.56,3407.0,Private,,10.0,41.5189,-88.1499
304,Aquinas College,Nashville,TN,"Nashville, TN",0.40399999999999997,37231.0,48600.0,0.26,342.0,Private,,12.0,30.0849,-94.1451
305,Aquinas College,Grand Rapids,MI,"Grand Rapids, MI",0.693,46164.0,40000.0,0.55,1758.0,Private,,12.0,40.9147,-74.1624
306,Calvin College,Grand Rapids,MI,"Grand Rapids, MI",0.769,50900.0,47000.0,0.74,3732.0,Private,,12.0,37.3057,-120.4778
307,Central Michigan University,Mount Pleasant,MI,"Mount Pleasant, MI",0.695,25368.0,44500.0,0.57,21622.0,Public,,20.0,38.2705,-104.6112
308,University of Detroit Mercy,Detroit,MI,"Detroit, MI",0.775,42648.0,52600.0,0.59,5111.0,Private,,10.0,32.3184,-95.3062
309,Eastern Michigan University,Ypsilanti,MI,"Ypsilanti, MI",0.741,27566.0,41600.0,0.38,19123.0,Public,,17.0,33.8346,-118.3417
310,Ferris State University,Big Rapids,MI,"Big Rapids, MI",0.866,23651.0,47000.0,0.42,13250.0,Public,,16.0,32.5992,-114.5488
311,Kettering University,Flint,MI,"Flint, MI",0.73,58080.0,76000.0,0.56,2315.0,Private,,15.0,29.9977,-90.178
312,Cornerstone University,Grand Rapids,MI,"Grand Rapids, MI",0.7759999999999999,38150.0,38800.0,0.54,2131.0,Private,,15.0,33.68,-112.4524
313,Grand Valley State University,Allendale,MI,"Allendale, MI",0.83,25040.0,44600.0,0.66,24677.0,Public,,16.0,38.9478,-92.3256
314,Hope College,Holland,MI,"Holland, MI",0.857,48680.0,47500.0,0.78,3149.0,Private,,11.0,33.9508,-83.3689
315,Lake Superior State University,Sault Ste Marie,MI,"Sault Ste Marie, MI",0.5720000000000001,25535.0,40300.0,0.43,1991.0,Public,,17.0,38.7703,-121.3196
316,Lawrence Technological University,Southfield,MI,"Southfield, MI",0.7929999999999999,51846.0,59800.0,0.5,2915.0,Private,,11.0,39.9197,-104.9438
317,Madonna University,Livonia,MI,"Livonia, MI",0.746,38600.0,42400.0,0.56,3044.0,Private,,13.0,25.9773,-80.3351
318,Michigan State University,East Lansing,MI,"East Lansing, MI",0.711,29130.0,60000.0,0.78,50351.0,Public,,16.0,34.1597,-118.139
319,Michigan Technological University,Houghton,MI,"Houghton, MI",0.743,30542.0,66000.0,0.64,7172.0,Public,,13.0,32.7623,-96.5889
320,Oakland University,Rochester Hills,MI,"Rochester Hills, MI",0.831,27370.0,46700.0,0.45,19309.0,Public,,20.0,38.8832,-94.8198
321,Spring Arbor University,Spring Arbor,MI,"Spring Arbor, MI",0.657,42470.0,42600.0,0.53,3436.0,Private,,11.0,34.9334,-120.4432
322,Wayne State University,Detroit,MI,"Detroit, MI",0.731,27486.0,51000.0,0.34,27025.0,Public,,14.0,29.5799,-90.7058
323,Western Michigan University,Kalamazoo,MI,"Kalamazoo, MI",0.799,27071.0,48900.0,0.54,22562.0,Public,,17.0,32.989,-96.8999
324,Augsburg College,Minneapolis,MN,"Minneapolis, MN",0.762,54211.0,52000.0,0.59,3419.0,Private,,13.0,39.0876,-108.5673
325,Bethany Lutheran College,Mankato,MN,"Mankato, MN",0.726,38820.0,37300.0,0.52,739.0,Private,,9.0,38.3484,-81.6323
326,Bethel University,Saint Paul,MN,"Saint Paul, MN",0.785,53200.0,50100.0,0.74,3692.0,Private,,11.0,33.8038,-117.8218
327,Carleton College,Northfield,MN,"Northfield, MN",0.191,74275.0,65600.0,0.94,2097.0,Private,,9.0,33.8841,-117.9279
328,Concordia College at Moorhead,Moorhead,MN,"Moorhead, MN",0.684,54046.0,48300.0,0.73,2129.0,Private,,11.0,40.4151,-104.7706
329,Martin Luther College,New Ulm,MN,"New Ulm, MN",0.838,27230.0,38000.0,0.72,972.0,Private,,12.0,18.4054,-65.9792
330,Hamline University,Saint Paul,MN,"Saint Paul, MN",0.677,55256.0,55100.0,0.64,3526.0,Private,,13.0,32.3265,-106.7892
331,Macalester College,Saint Paul,MN,"Saint Paul, MN",0.32299999999999995,71053.0,54100.0,0.9,2174.0,Private,,10.0,30.1995,-85.6004
332,College of Saint Benedict,Saint Joseph,MN,"Saint Joseph, MN",0.805,60028.0,53700.0,0.83,1782.0,Private,,12.0,26.1917,-97.6976
333,Saint Johns University,Collegeville,MN,"Collegeville, MN",0.7829999999999999,59572.0,64400.0,0.79,1777.0,Private,,12.0,40.6889,-112.0115
334,St Olaf College,Northfield,MN,"Northfield, MN",0.475,62880.0,53700.0,0.88,3048.0,Private,,12.0,37.0551,-76.363
335,Crown College,Saint Bonifacius,MN,"Saint Bonifacius, MN",0.498,41778.0,36100.0,0.57,1510.0,Private,,19.0,42.4934,-83.027
336,University of St Thomas,Saint Paul,MN,"Saint Paul, MN",0.805,60458.0,62000.0,0.74,10035.0,Private,,14.0,34.7849,-82.3005
337,University of St Thomas,Houston,TX,"Houston, TX",0.873,45756.0,57200.0,0.55,3223.0,Private,,14.0,40.4757,-88.9703
338,St Catherine University,Saint Paul,MN,"Saint Paul, MN",0.6729999999999999,53634.0,50100.0,0.58,4859.0,Private,,10.0,26.2702,-80.2591
339,Winona State University,Winona,MN,"Winona, MN",0.679,22304.0,46100.0,0.58,7792.0,Public,,19.0,30.5254,-97.666
340,Blue Mountain College,Blue Mountain,MS,"Blue Mountain, MS",0.9570000000000001,25825.0,29700.0,0.5,640.0,Private,,14.0,46.5923,-120.5496
341,Millsaps College,Jackson,MS,"Jackson, MS",0.688,58524.0,50400.0,0.65,865.0,Private,,9.0,42.5809,-83.0305
342,University of Mississippi,University,MS,"University, MS",0.8809999999999999,25762.0,52700.0,0.61,22456.0,Public,,18.0,47.3887,-122.2129
343,Mississippi University for Women,Columbus,MS,"Columbus, MS",0.966,20888.0,37800.0,0.43,2711.0,Public,,14.0,36.0758,-79.4686
344,Mississippi College,Clinton,MS,"Clinton, MS",0.42,35312.0,44100.0,0.54,5103.0,Private,,14.0,48.7543,-122.4687
345,Mississippi State University,Mississippi State,MS,"Mississippi State, MS",0.539,25904.0,47500.0,0.6,21974.0,Public,,20.0,37.3645,-121.968
346,William Carey University,Hattiesburg,MS,"Hattiesburg, MS",0.55,23639.0,40900.0,0.56,5042.0,Private,,14.0,42.7274,-87.8135
347,Avila University,Kansas City,MO,"Kansas City, MO",0.41100000000000003,32442.0,45100.0,0.51,1649.0,Private,,12.0,35.5956,-77.3768
348,Drury University,Springfield,MO,"Springfield, MO",0.644,42259.0,35400.0,0.59,1730.0,Private,,14.0,41.1035,-73.5583
349,Fontbonne University,Saint Louis,MO,"Saint Louis, MO",0.787,43190.0,46400.0,0.51,1290.0,Private,,10.0,40.6657,-74.1912
350,Maryville University of Saint Louis,Saint Louis,MO,"Saint Louis, MO",0.8290000000000001,47542.0,50500.0,0.69,9139.0,Private,,14.0,36.3406,-82.3803
351,Missouri University of Science and Technology,Rolla,MO,"Rolla, MO",0.792,23294.0,68400.0,0.64,8601.0,Public,,19.0,37.4003,-79.1909
352,Northwest Missouri State University,Maryville,MO,"Maryville, MO",0.732,20235.0,41200.0,0.5,6857.0,Public,,21.0,34.2663,-118.749
353,Ozark Christian College,Joplin,MO,"Joplin, MO",,23078.0,32200.0,0.49,608.0,Private,,15.0,35.3493,-94.3695
354,Rockhurst University,Kansas City,MO,"Kansas City, MO",0.637,54515.0,53500.0,0.7,3145.0,Private,,13.0,42.5864,-87.8765
355,St Louis College of Pharmacy,Saint Louis,MO,"Saint Louis, MO",0.917,47506.0,106500.0,0.73,1195.0,Private,,9.0,35.2335,-97.3471
356,Southwest Baptist University,Bolivar,MO,"Bolivar, MO",0.7090000000000001,35898.0,36700.0,0.5,3357.0,Private,,12.0,42.4614,-83.6526
357,Stephens College,Columbia,MO,"Columbia, MO",0.562,38612.0,37400.0,0.52,756.0,Private,,9.0,40.0249,-105.2523
358,Washington University in St Louis,Saint Louis,MO,"Saint Louis, MO",0.139,76910.0,82800.0,0.94,15852.0,Private,,8.0,32.4543,-99.7384
359,Webster University,Saint Louis,MO,"Saint Louis, MO",0.569,46632.0,46800.0,0.63,11406.0,Private,,12.0,26.612,-81.6388
360,Westminster College,Salt Lake City,UT,"Salt Lake City, UT",0.9179999999999999,50276.0,53900.0,0.61,2477.0,Private,,11.0,29.5585,-95.3215
361,Westminster College,Fulton,MO,"Fulton, MO",0.963,45088.0,47900.0,0.66,717.0,Private,,11.0,37.8723,-122.276
362,Westminster College,New Wilmington,PA,"New Wilmington, PA",0.665,51000.0,45700.0,0.73,1269.0,Private,,11.0,32.9717,-96.7093
363,William Jewell College,Liberty,MO,"Liberty, MO",0.461,49248.0,48500.0,0.61,808.0,Private,,10.0,40.5698,-122.365
364,Carroll College,Helena,MT,"Helena, MT",0.6890000000000001,50838.0,47500.0,0.63,1335.0,Private,,11.0,39.8321,-105.1511
365,Montana Tech of the University of Montana,Butte,MT,"Butte, MT",0.91,22808.0,50400.0,0.41,1844.0,Public,,14.0,34.0326,-118.1691
366,Montana State University,Bozeman,MT,"Bozeman, MT",0.8190000000000001,22813.0,45800.0,0.51,16814.0,Public,,19.0,37.077,-113.577
367,The University of Montana,Missoula,MT,"Missoula, MT",0.94,21668.0,41000.0,0.46,10962.0,Public,,17.0,45.7891,-108.5524
368,Rocky Mountain College,Billings,MT,"Billings, MT",0.5920000000000001,42574.0,46800.0,0.43,997.0,Private,,11.0,39.1357,-121.6381
369,Creighton University,Omaha,NE,"Omaha, NE",0.737,56674.0,66600.0,0.78,8910.0,Private,,11.0,44.0151,-92.4778
370,Hastings College,Hastings,NE,"Hastings, NE",0.6679999999999999,45420.0,45000.0,0.59,1080.0,Private,,13.0,42.5209,-71.7717
371,University of Nebraska at Kearney,Kearney,NE,"Kearney, NE",0.852,23652.0,43400.0,0.56,6327.0,Public,,14.0,36.5224,-82.5453
372,Nebraska Wesleyan University,Lincoln,NE,"Lincoln, NE",0.6779999999999999,50236.0,51800.0,0.66,2095.0,Private,,11.0,46.7756,-92.1392
373,Dartmouth College,Hanover,NH,"Hanover, NH",0.079,77152.0,104000.0,0.95,6572.0,Private,,7.0,34.9416,-81.0244
374,Saint Anselm College,Manchester,NH,"Manchester, NH",0.752,61550.0,60100.0,0.74,2024.0,Private,,11.0,37.0047,-121.5855
375,Caldwell College,Caldwell,NJ,"Caldwell, NJ",0.9329999999999999,54155.0,46800.0,0.63,2189.0,Private,,12.0,42.3759,-71.1185
376,Centenary College,Hackettstown,NJ,"Hackettstown, NJ",0.75,50140.0,49600.0,0.6,1802.0,Private,,14.0,29.5935,-95.6357
377,Monmouth University,West Long Branch,NJ,"West Long Branch, NJ",0.7659999999999999,59054.0,56500.0,0.67,6167.0,Private,,13.0,29.4128,-94.9658
378,New Jersey Institute of Technology,Newark,NJ,"Newark, NJ",0.728,38574.0,67200.0,0.6,11423.0,Public,,17.0,41.6559,-91.5303
379,Princeton University,Princeton,NJ,"Princeton, NJ",0.057999999999999996,74150.0,113900.0,0.97,8374.0,Private,,5.0,43.4199,-83.9501
380,Ramapo College of New Jersey,Mahwah,NJ,"Mahwah, NJ",0.6559999999999999,32404.0,51400.0,0.73,6174.0,Public,,17.0,39.7575,-121.8152
381,Rider University,Lawrenceville,NJ,"Lawrenceville, NJ",0.715,63850.0,53000.0,0.64,4824.0,Private,,11.0,39.161,-75.5203
382,Seton Hall University,South Orange,NJ,"South Orange, NJ",0.736,63002.0,62700.0,0.65,10162.0,Private,,14.0,27.9789,-82.7622
383,Stevens Institute of Technology,Hoboken,NJ,"Hoboken, NJ",0.4,72034.0,89100.0,0.82,6929.0,Private,,10.0,47.7041,-116.7935
384,The Richard Stockton College of New Jersey,Galloway,NJ,"Galloway, NJ",0.763,31364.0,49100.0,0.7,9621.0,Public,,17.0,36.6224,-121.8191
385,The College of New Jersey,Ewing,NJ,"Ewing, NJ",0.493,36093.0,62100.0,0.86,7686.0,Public,,13.0,39.0871,-94.3501
386,New Mexico Institute of Mining and Technology,Socorro,NM,"Socorro, NM",0.7979999999999999,22930.0,61800.0,0.47,1895.0,Public,,11.0,40.6024,-112.0008
387,Adelphi University,Garden City,NY,"Garden City, NY",0.743,61636.0,58400.0,0.66,8146.0,Private,,11.0,27.9367,-82.3
388,Albany College of Pharmacy and Health Sciences,Albany,NY,"Albany, NY",0.711,51351.0,111500.0,0.74,1331.0,Private,,9.0,39.1637,-86.5257
389,Barnard College,New York,NY,"New York, NY",0.11800000000000001,78044.0,66900.0,0.9,2562.0,Private,,10.0,34.0739,-118.0291
390,Canisius College,Buffalo,NY,"Buffalo, NY",0.8270000000000001,43454.0,49900.0,0.69,3244.0,Private,,11.0,32.9066,-80.0722
391,Clarkson University,Potsdam,NY,"Potsdam, NY",0.746,70228.0,70800.0,0.72,4274.0,Private,,14.0,33.1247,-117.2837
392,Colgate University,Hamilton,NY,"Hamilton, NY",0.226,75015.0,75300.0,0.91,2969.0,Private,,9.0,45.5339,-94.1718
393,Columbia University in the City of New York,New York,NY,"New York, NY",0.054000000000000006,79752.0,107600.0,0.95,31077.0,Private,,6.0,33.4928,-117.1315
394,Cooper Union for the Advancement of Science and Art,New York,NY,"New York, NY",0.155,66713.0,64000.0,0.83,952.0,Private,,9.0,36.8278,-119.6831
395,Cornell University,Ithaca,NY,"Ithaca, NY",0.109,76258.0,98400.0,0.93,23600.0,Private,,9.0,43.6112,-116.3968
396,D'Youville College,Buffalo,NY,"Buffalo, NY",,,,,,Unknown,,11.0,30.1738,-95.5134
397,Elmira College,Elmira,NY,"Elmira, NY",0.8009999999999999,49050.0,46000.0,0.56,892.0,Private,,10.0,18.012,-66.6198
398,Fordham University,Bronx,NY,"Bronx, NY",0.45899999999999996,76891.0,64200.0,0.8,16515.0,Private,,15.0,39.8837,-105.0624
399,Hamilton College,Clinton,NY,"Clinton, NY",0.16399999999999998,72390.0,79000.0,0.92,2005.0,Private,,9.0,33.6667,-117.9135
400,Hobart William Smith Colleges,Geneva,NY,"Geneva, NY",0.6609999999999999,74375.0,60200.0,0.8,2241.0,Private,,10.0,32.5183,-92.0774
401,Hofstra University,Hempstead,NY,"Hempstead, NY",0.685,66260.0,59200.0,0.6,10871.0,Private,,13.0,43.0961,-75.226
402,Houghton College,Houghton,NY,"Houghton, NY",0.807,46876.0,44300.0,0.74,1001.0,Private,,11.0,26.2428,-80.1312
403,Jewish Theological Seminary of America,New York,NY,"New York, NY",0.595,79512.0,,0.83,336.0,Private,,4.0,26.7468,-80.1316
404,LIM College,New York,NY,"New York, NY",0.835,52250.0,50400.0,0.53,1781.0,Private,,13.0,42.492,-92.3522
405,Le Moyne College,Syracuse,NY,"Syracuse, NY",0.736,52040.0,52800.0,0.7,3356.0,Private,,13.0,47.9525,-122.1669
406,Manhattan College,Riverdale,NY,"Riverdale, NY",,64730.0,66700.0,0.74,4232.0,Private,,13.0,32.7867,-115.5586
407,Marymount Manhattan College,New York,NY,"New York, NY",0.7959999999999999,61550.0,44800.0,0.43,2063.0,Private,,11.0,35.6619,-105.9819
408,The New School,New York,NY,"New York, NY",0.573,73396.0,52700.0,0.62,10544.0,Private,,10.0,33.9379,-118.1312
409,New York University,New York,NY,"New York, NY",0.162,75502.0,76000.0,0.83,51847.0,Private,,9.0,28.4797,-82.53
410,Niagara University,Niagara University,NY,"Niagara University, NY",0.892,49660.0,43100.0,0.64,3763.0,Private,,11.0,42.6389,-71.3217
411,New York Institute of Technology,Old Westbury,NY,"Old Westbury, NY",0.6779999999999999,59953.0,64900.0,0.45,7173.0,Private,,12.0,39.5926,-104.8674
412,Rensselaer Polytechnic Institute,Troy,NY,"Troy, NY",0.474,73816.0,82500.0,0.82,7895.0,Private,,13.0,42.0385,-88.3229
413,Roberts Wesleyan College,Rochester,NY,"Rochester, NY",0.6659999999999999,47360.0,44200.0,0.63,1739.0,Private,,12.0,37.9477,-122.339
414,Rochester Institute of Technology,Rochester,NY,"Rochester, NY",0.7070000000000001,61474.0,64900.0,0.65,16463.0,Private,,13.0,36.0365,-95.7809
415,University of Rochester,Rochester,NY,"Rochester, NY",0.297,75190.0,71000.0,0.86,11817.0,Private,,10.0,25.9433,-80.2426
416,St Lawrence University,Canton,NY,"Canton, NY",0.424,73045.0,53100.0,0.86,2522.0,Private,,11.0,44.0562,-121.3087
417,Sarah Lawrence College,Bronxville,NY,"Bronxville, NY",0.531,74740.0,44100.0,0.78,1709.0,Private,,9.0,44.4877,-73.2314
418,Skidmore College,Saratoga Springs,NY,"Saratoga Springs, NY",0.3,74140.0,54400.0,0.86,2613.0,Private,,8.0,34.001,-117.4705
419,Saint John Fisher College,Rochester,NY,"Rochester, NY",0.645,50300.0,50800.0,0.72,3712.0,Private,,12.0,33.9366,-84.3703
420,SUNY College of Technology at Alfred,Alfred,NY,"Alfred, NY",0.667,26211.0,42100.0,0.49,3737.0,Public,,18.0,45.5023,-122.4413
421,Farmingdale State College,Farmingdale,NY,"Farmingdale, NY",0.5489999999999999,25156.0,53500.0,0.46,9970.0,Public,,20.0,33.0452,-96.9823
422,SUNY at Albany,Albany,NY,"Albany, NY",0.5429999999999999,27136.0,55800.0,0.67,17944.0,Public,,19.0,45.5272,-122.9361
423,SUNY at Binghamton,Vestal,NY,"Vestal, NY",0.405,28269.0,64500.0,0.81,17768.0,Public,,19.0,34.2741,-119.2314
424,Stony Brook University,Stony Brook,NY,"Stony Brook, NY",0.441,27221.0,59300.0,0.68,26256.0,Public,,18.0,34.7288,-77.3941
425,SUNY College of Environmental Science and Forestry,Syracuse,NY,"Syracuse, NY",0.695,29680.0,46200.0,0.71,2220.0,Public,,15.0,40.2507,-75.6444
426,SUNY College at Cortland,Cortland,NY,"Cortland, NY",0.46,25744.0,47300.0,0.7,6858.0,Public,,16.0,33.9566,-118.3444
427,SUNY at Fredonia,Fredonia,NY,"Fredonia, NY",0.711,23969.0,42300.0,0.66,4655.0,Public,,14.0,29.4873,-95.1087
428,State University of New York at New Paltz,New Paltz,NY,"New Paltz, NY",0.452,26230.0,47400.0,0.73,7608.0,Public,,16.0,44.8199,-91.4949
429,SUNY College at Oswego,Oswego,NY,"Oswego, NY",0.541,25507.0,44800.0,0.65,7986.0,Public,,17.0,37.5053,-120.8588
430,SUNY College at Plattsburgh,Plattsburgh,NY,"Plattsburgh, NY",0.585,26662.0,44000.0,0.63,5704.0,Public,,16.0,31.1076,-97.3894
431,SUNY Maritime College,Throggs Neck,NY,"Throggs Neck, NY",0.736,26864.0,79700.0,0.51,1734.0,Public,,15.0,42.4959,-96.3901
432,Syracuse University,Syracuse,NY,"Syracuse, NY",0.444,73069.0,65900.0,0.81,22803.0,Private,,15.0,38.3756,-75.5867
433,United States Military Academy,West Point,NY,"West Point, New York",0.12,0.0,,,4589.0,Public,,7.0,26.0789,-80.287
434,Vassar College,Poughkeepsie,NY,"Poughkeepsie, NY",0.237,75240.0,58400.0,0.91,2456.0,Private,,8.0,37.6862,-122.4685
435,Wells College,Aurora,NY,"Aurora, NY",0.8320000000000001,46850.0,39500.0,0.52,471.0,Private,,8.0,39.5419,-104.9708
436,Yeshiva University,New York,NY,"New York, NY",0.5539999999999999,64050.0,72200.0,0.87,6479.0,Private,,7.0,33.1088,-96.6735
437,Appalachian State University,Boone,NC,"Boone, NC",0.768,19715.0,41600.0,0.7,19108.0,Public,,16.0,34.0555,-117.9112
438,Cabarrus College of Health Sciences,Concord,NC,"Concord, NC",0.276,30494.0,44900.0,0.38,433.0,Private,,7.0,39.5729,-119.7157
439,Campbell University,Buies Creek,NC,"Buies Creek, NC",0.777,52420.0,55500.0,0.52,6448.0,Private,,15.0,33.9072,-98.5291
440,Davidson College,Davidson,NC,"Davidson, NC",0.18100000000000002,70744.0,63500.0,0.93,1843.0,Private,,9.0,37.5521,-122.3122
441,Duke University,Durham,NC,"Durham, NC",0.076,77029.0,108900.0,0.95,16606.0,Private,,7.0,39.2004,-76.859
442,East Carolina University,Greenville,NC,"Greenville, NC",0.787,22388.0,43900.0,0.6,28718.0,Public,,19.0,33.9069,-118.0829
443,Elon University,Elon,NC,"Elon, NC",0.784,52756.0,56200.0,0.82,6991.0,Private,,12.0,34.1174,-117.3894
444,Mars Hill University,Mars Hill,NC,"Mars Hill, NC",0.633,45896.0,32300.0,0.35,1154.0,Private,,11.0,37.7927,-121.2264
445,Meredith College,Raleigh,NC,"Raleigh, NC",0.647,52670.0,40000.0,0.62,1905.0,Private,,12.0,38.6034,-121.381
446,University of North Carolina at Asheville,Asheville,NC,"Asheville, NC",0.84,20555.0,37900.0,0.62,3762.0,Public,,13.0,32.8017,-116.9605
447,University of North Carolina at Chapel Hill,Chapel Hill,NC,"Chapel Hill, NC",0.226,24228.0,66100.0,0.9,30011.0,Public,,13.0,34.1879,-118.3235
448,University of North Carolina at Charlotte,Charlotte,NC,"Charlotte, NC",0.65,25019.0,48600.0,0.54,29710.0,Public,,19.0,40.1686,-105.1005
449,University of North Carolina at Greensboro,Greensboro,NC,"Greensboro, NC",0.825,19937.0,39100.0,0.56,20106.0,Public,,18.0,47.4784,-122.1919
450,University of North Carolina School of the Arts,Winston-Salem,NC,"Winston-Salem, NC",0.289,22278.0,39100.0,0.62,1042.0,Public,,6.0,33.1896,-117.2386
451,North Carolina State University at Raleigh,Raleigh,NC,"Raleigh, NC",0.451,24259.0,57200.0,0.75,35479.0,Public,,13.0,41.74,-111.8419
452,Queens University of Charlotte,Charlotte,NC,"Charlotte, NC",0.652,50590.0,44100.0,0.57,2536.0,Private,,10.0,34.5983,-112.3176
453,Warren Wilson College,Swannanoa,NC,"Swannanoa, NC",0.846,52504.0,30800.0,0.52,741.0,Private,,9.0,38.359,-121.968
454,Wingate University,Wingate,NC,"Wingate, NC",0.887,50370.0,52900.0,0.52,3689.0,Private,,16.0,26.3197,-98.1596
455,Western Carolina University,Cullowhee,NC,"Cullowhee, NC",0.687,18740.0,39100.0,0.58,11639.0,Public,,17.0,39.965,-86.146
456,University of Mary,Bismarck,ND,"Bismarck, ND",0.735,30500.0,51900.0,0.52,3796.0,Private,,14.0,47.6626,-117.2346
457,Minot State University,Minot,ND,"Minot, ND",0.667,19386.0,45200.0,0.42,3189.0,Public,,12.0,31.4424,-100.4506
458,Ashland University,Ashland,OH,"Ashland, OH",0.7120000000000001,35828.0,40400.0,0.57,6627.0,Private,,16.0,43.824,-91.2268
459,Capital University,Columbus,OH,"Columbus, OH",0.721,52176.0,47300.0,0.61,3213.0,Private,,11.0,43.4872,-112.0362
460,Kennesaw State University,Kennesaw,GA,"Kennesaw, Georgia",0.625,18879.0,,,,Public,,,42.7677,-86.0985
461,Southern Polytechnic State University,Marietta,GA,"Marietta, Georgia",0.79,15929.0,,,,Public,,,38.0375,-78.4855
462,Central Bible College,Springfield,MO,"Springfield, Missouri",,19404.0,,,,Private,,,32.5193,-94.7621
